Title,Description,Job Type,Company Name,Logo,Country,External URL
" Remote Link Building Executive ($1,000 - $1,500 Salary) ","My name is Bowen, and I'm the owner of an SEO consultancy firm Fractal Digital. I'm to looking hire an ambitious and talented link building executive to take over link building responsibility from me. You will oversee, manage and ensure monthly link targets are achieved.ResponsibilitiesAnalyze our client's industry & key competitorsDetermine viable link building strategies for our client campaignsAbility to build strong prospect lists for outreach campaigns, filtering out weak opportunities and making sense of 'why' prospects would be interested in hearing your pitchCraft outstanding email pitches that grab people's attention, and entice them to link to our client's websiteRespond to outreach emails, and develop relationships via emailCommunicate with other members of our team, and collaborate on ideasDelegate tasks to other staff membersEvaluate link vendors performance (yes, we engage vendors as well)Meet link deadlines each month for client projects that you're responsible forRequirement1-3 years experience with SEO and link buildingStrong awareness of key link building strategies and how to execute campaignsExperience using tools such as Ahrefs, Pitchbox, Buzzstream or similar.Great radar for what constitutes a good backlink and a good quality websiteOutstanding communication skillsExceptional English skills, with strong vocabulary preferredKey InformationFull-time, remote working positionSalary of $1000- $1500 per month and is commensurate with experience and enthusiasm.This position is open to applicants WorldwideIncludes 24 day holidays per year fully paid7 hour working day - 35 hours per week with flexible hours[Must be able to work at least 3 Hours in Singapore Timezone ; we're 6 hours ahead of eastern europe timezone]Salary competitiveWrite “Fractal Building Executive” in the first line of your cover letter and send your resume to the above email. ",Full-Time,FractalDigitalPte.Ltd.,https://we-work-remotely.imgix.net/logos/0075/8877/logo.gif?ixlib=rails-4.0.0&w=50&h=50&dpr=2&fit=fill&auto=compress, Remote ,mailto:bowen@fractaldigital.sg?body=%0A%0A%0A%0A%0A%0A%0A%0A%0A%0A%0A%0A%0A%0A%0A%0A%0A%0A%0A%0A%0A%0A%20-%20The%20We%20Work%20Remotely%20Team%20%0A%20weworkremotely.com&subject=New%20Applicant%20from%20WWR%20for%20Link%20Building%20Executive%20%28%241%2C000%20-%20%241%2C500%20Salary%29
" Remote Link Building Executive ($1,000 - $1,500 Salary) ","My name is Bowen, and I'm the owner of an SEO consultancy firm Fractal Digital. I'm to looking hire an ambitious and talented link building executive to take over link building responsibility from me. You will oversee, manage and ensure monthly link targets are achieved.ResponsibilitiesAnalyze our client's industry & key competitorsDetermine viable link building strategies for our client campaignsAbility to build strong prospect lists for outreach campaigns, filtering out weak opportunities and making sense of 'why' prospects would be interested in hearing your pitchCraft outstanding email pitches that grab people's attention, and entice them to link to our client's websiteRespond to outreach emails, and develop relationships via emailCommunicate with other members of our team, and collaborate on ideasDelegate tasks to other staff membersEvaluate link vendors performance (yes, we engage vendors as well)Meet link deadlines each month for client projects that you're responsible forRequirement1-3 years experience with SEO and link buildingStrong awareness of key link building strategies and how to execute campaignsExperience using tools such as Ahrefs, Pitchbox, Buzzstream or similar.Great radar for what constitutes a good backlink and a good quality websiteOutstanding communication skillsExceptional English skills, with strong vocabulary preferredKey InformationFull-time, remote working positionSalary of $1000- $1500 per month and is commensurate with experience and enthusiasm.This position is open to applicants WorldwideIncludes 24 day holidays per year fully paid7 hour working day - 35 hours per week with flexible hours[Must be able to work at least 3 Hours in Singapore Timezone ; we're 6 hours ahead of eastern europe timezone]Salary competitiveWrite “Fractal Building Executive” in the first line of your cover letter and send your resume to the above email. ",Full-Time,FractalDigitalPte.Ltd.,https://we-work-remotely.imgix.net/logos/0075/8877/logo.gif?ixlib=rails-4.0.0&w=50&h=50&dpr=2&fit=fill&auto=compress, Remote ,mailto:bowen@fractaldigital.sg?body=%0A%0A%0A%0A%0A%0A%0A%0A%0A%0A%0A%0A%0A%0A%0A%0A%0A%0A%0A%0A%0A%0A%20-%20The%20We%20Work%20Remotely%20Team%20%0A%20weworkremotely.com&subject=New%20Applicant%20from%20WWR%20for%20Link%20Building%20Executive%20%28%241%2C000%20-%20%241%2C500%20Salary%29
" Remote Link Building Executive ($1,000 - $1,500 Salary) ","My name is Bowen, and I'm the owner of an SEO consultancy firm Fractal Digital. I'm to looking hire an ambitious and talented link building executive to take over link building responsibility from me. You will oversee, manage and ensure monthly link targets are achieved.ResponsibilitiesAnalyze our client's industry & key competitorsDetermine viable link building strategies for our client campaignsAbility to build strong prospect lists for outreach campaigns, filtering out weak opportunities and making sense of 'why' prospects would be interested in hearing your pitchCraft outstanding email pitches that grab people's attention, and entice them to link to our client's websiteRespond to outreach emails, and develop relationships via emailCommunicate with other members of our team, and collaborate on ideasDelegate tasks to other staff membersEvaluate link vendors performance (yes, we engage vendors as well)Meet link deadlines each month for client projects that you're responsible forRequirement1-3 years experience with SEO and link buildingStrong awareness of key link building strategies and how to execute campaignsExperience using tools such as Ahrefs, Pitchbox, Buzzstream or similar.Great radar for what constitutes a good backlink and a good quality websiteOutstanding communication skillsExceptional English skills, with strong vocabulary preferredKey InformationFull-time, remote working positionSalary of $1000- $1500 per month and is commensurate with experience and enthusiasm.This position is open to applicants WorldwideIncludes 24 day holidays per year fully paid7 hour working day - 35 hours per week with flexible hours[Must be able to work at least 3 Hours in Singapore Timezone ; we're 6 hours ahead of eastern europe timezone]Salary competitiveWrite “Fractal Building Executive” in the first line of your cover letter and send your resume to the above email. ",Full-Time,FractalDigitalPte.Ltd.,https://we-work-remotely.imgix.net/logos/0075/8877/logo.gif?ixlib=rails-4.0.0&w=50&h=50&dpr=2&fit=fill&auto=compress, Remote ,mailto:bowen@fractaldigital.sg?body=%0A%0A%0A%0A%0A%0A%0A%0A%0A%0A%0A%0A%0A%0A%0A%0A%0A%0A%0A%0A%0A%0A%20-%20The%20We%20Work%20Remotely%20Team%20%0A%20weworkremotely.com&subject=New%20Applicant%20from%20WWR%20for%20Link%20Building%20Executive%20%28%241%2C000%20-%20%241%2C500%20Salary%29
" Remote Link Building Executive ($1,000 - $1,500 Salary) ","My name is Bowen, and I'm the owner of an SEO consultancy firm Fractal Digital. I'm to looking hire an ambitious and talented link building executive to take over link building responsibility from me. You will oversee, manage and ensure monthly link targets are achieved.ResponsibilitiesAnalyze our client's industry & key competitorsDetermine viable link building strategies for our client campaignsAbility to build strong prospect lists for outreach campaigns, filtering out weak opportunities and making sense of 'why' prospects would be interested in hearing your pitchCraft outstanding email pitches that grab people's attention, and entice them to link to our client's websiteRespond to outreach emails, and develop relationships via emailCommunicate with other members of our team, and collaborate on ideasDelegate tasks to other staff membersEvaluate link vendors performance (yes, we engage vendors as well)Meet link deadlines each month for client projects that you're responsible forRequirement1-3 years experience with SEO and link buildingStrong awareness of key link building strategies and how to execute campaignsExperience using tools such as Ahrefs, Pitchbox, Buzzstream or similar.Great radar for what constitutes a good backlink and a good quality websiteOutstanding communication skillsExceptional English skills, with strong vocabulary preferredKey InformationFull-time, remote working positionSalary of $1000- $1500 per month and is commensurate with experience and enthusiasm.This position is open to applicants WorldwideIncludes 24 day holidays per year fully paid7 hour working day - 35 hours per week with flexible hours[Must be able to work at least 3 Hours in Singapore Timezone ; we're 6 hours ahead of eastern europe timezone]Salary competitiveWrite “Fractal Building Executive” in the first line of your cover letter and send your resume to the above email. ",Full-Time,FractalDigitalPte.Ltd.,https://we-work-remotely.imgix.net/logos/0075/8877/logo.gif?ixlib=rails-4.0.0&w=50&h=50&dpr=2&fit=fill&auto=compress, Remote ,mailto:bowen@fractaldigital.sg?body=%0A%0A%0A%0A%0A%0A%0A%0A%0A%0A%0A%0A%0A%0A%0A%0A%0A%0A%0A%0A%0A%0A%20-%20The%20We%20Work%20Remotely%20Team%20%0A%20weworkremotely.com&subject=New%20Applicant%20from%20WWR%20for%20Link%20Building%20Executive%20%28%241%2C000%20-%20%241%2C500%20Salary%29
" Remote Link Building Executive ($1,000 - $1,500 Salary) ","My name is Bowen, and I'm the owner of an SEO consultancy firm Fractal Digital. I'm to looking hire an ambitious and talented link building executive to take over link building responsibility from me. You will oversee, manage and ensure monthly link targets are achieved.ResponsibilitiesAnalyze our client's industry & key competitorsDetermine viable link building strategies for our client campaignsAbility to build strong prospect lists for outreach campaigns, filtering out weak opportunities and making sense of 'why' prospects would be interested in hearing your pitchCraft outstanding email pitches that grab people's attention, and entice them to link to our client's websiteRespond to outreach emails, and develop relationships via emailCommunicate with other members of our team, and collaborate on ideasDelegate tasks to other staff membersEvaluate link vendors performance (yes, we engage vendors as well)Meet link deadlines each month for client projects that you're responsible forRequirement1-3 years experience with SEO and link buildingStrong awareness of key link building strategies and how to execute campaignsExperience using tools such as Ahrefs, Pitchbox, Buzzstream or similar.Great radar for what constitutes a good backlink and a good quality websiteOutstanding communication skillsExceptional English skills, with strong vocabulary preferredKey InformationFull-time, remote working positionSalary of $1000- $1500 per month and is commensurate with experience and enthusiasm.This position is open to applicants WorldwideIncludes 24 day holidays per year fully paid7 hour working day - 35 hours per week with flexible hours[Must be able to work at least 3 Hours in Singapore Timezone ; we're 6 hours ahead of eastern europe timezone]Salary competitiveWrite “Fractal Building Executive” in the first line of your cover letter and send your resume to the above email. ",Full-Time,FractalDigitalPte.Ltd.,https://we-work-remotely.imgix.net/logos/0075/8877/logo.gif?ixlib=rails-4.0.0&w=50&h=50&dpr=2&fit=fill&auto=compress, Remote ,mailto:bowen@fractaldigital.sg?body=%0A%0A%0A%0A%0A%0A%0A%0A%0A%0A%0A%0A%0A%0A%0A%0A%0A%0A%0A%0A%0A%0A%20-%20The%20We%20Work%20Remotely%20Team%20%0A%20weworkremotely.com&subject=New%20Applicant%20from%20WWR%20for%20Link%20Building%20Executive%20%28%241%2C000%20-%20%241%2C500%20Salary%29
" Remote Link Building Executive ($1,000 - $1,500 Salary) ","My name is Bowen, and I'm the owner of an SEO consultancy firm Fractal Digital. I'm to looking hire an ambitious and talented link building executive to take over link building responsibility from me. You will oversee, manage and ensure monthly link targets are achieved.ResponsibilitiesAnalyze our client's industry & key competitorsDetermine viable link building strategies for our client campaignsAbility to build strong prospect lists for outreach campaigns, filtering out weak opportunities and making sense of 'why' prospects would be interested in hearing your pitchCraft outstanding email pitches that grab people's attention, and entice them to link to our client's websiteRespond to outreach emails, and develop relationships via emailCommunicate with other members of our team, and collaborate on ideasDelegate tasks to other staff membersEvaluate link vendors performance (yes, we engage vendors as well)Meet link deadlines each month for client projects that you're responsible forRequirement1-3 years experience with SEO and link buildingStrong awareness of key link building strategies and how to execute campaignsExperience using tools such as Ahrefs, Pitchbox, Buzzstream or similar.Great radar for what constitutes a good backlink and a good quality websiteOutstanding communication skillsExceptional English skills, with strong vocabulary preferredKey InformationFull-time, remote working positionSalary of $1000- $1500 per month and is commensurate with experience and enthusiasm.This position is open to applicants WorldwideIncludes 24 day holidays per year fully paid7 hour working day - 35 hours per week with flexible hours[Must be able to work at least 3 Hours in Singapore Timezone ; we're 6 hours ahead of eastern europe timezone]Salary competitiveWrite “Fractal Building Executive” in the first line of your cover letter and send your resume to the above email. ",Full-Time,FractalDigitalPte.Ltd.,https://we-work-remotely.imgix.net/logos/0075/8877/logo.gif?ixlib=rails-4.0.0&w=50&h=50&dpr=2&fit=fill&auto=compress, Remote ,mailto:bowen@fractaldigital.sg?body=%0A%0A%0A%0A%0A%0A%0A%0A%0A%0A%0A%0A%0A%0A%0A%0A%0A%0A%0A%0A%0A%0A%20-%20The%20We%20Work%20Remotely%20Team%20%0A%20weworkremotely.com&subject=New%20Applicant%20from%20WWR%20for%20Link%20Building%20Executive%20%28%241%2C000%20-%20%241%2C500%20Salary%29
" Remote Link Building Executive ($1,000 - $1,500 Salary) ","My name is Bowen, and I'm the owner of an SEO consultancy firm Fractal Digital. I'm to looking hire an ambitious and talented link building executive to take over link building responsibility from me. You will oversee, manage and ensure monthly link targets are achieved.ResponsibilitiesAnalyze our client's industry & key competitorsDetermine viable link building strategies for our client campaignsAbility to build strong prospect lists for outreach campaigns, filtering out weak opportunities and making sense of 'why' prospects would be interested in hearing your pitchCraft outstanding email pitches that grab people's attention, and entice them to link to our client's websiteRespond to outreach emails, and develop relationships via emailCommunicate with other members of our team, and collaborate on ideasDelegate tasks to other staff membersEvaluate link vendors performance (yes, we engage vendors as well)Meet link deadlines each month for client projects that you're responsible forRequirement1-3 years experience with SEO and link buildingStrong awareness of key link building strategies and how to execute campaignsExperience using tools such as Ahrefs, Pitchbox, Buzzstream or similar.Great radar for what constitutes a good backlink and a good quality websiteOutstanding communication skillsExceptional English skills, with strong vocabulary preferredKey InformationFull-time, remote working positionSalary of $1000- $1500 per month and is commensurate with experience and enthusiasm.This position is open to applicants WorldwideIncludes 24 day holidays per year fully paid7 hour working day - 35 hours per week with flexible hours[Must be able to work at least 3 Hours in Singapore Timezone ; we're 6 hours ahead of eastern europe timezone]Salary competitiveWrite “Fractal Building Executive” in the first line of your cover letter and send your resume to the above email. ",Full-Time,FractalDigitalPte.Ltd.,https://we-work-remotely.imgix.net/logos/0075/8877/logo.gif?ixlib=rails-4.0.0&w=50&h=50&dpr=2&fit=fill&auto=compress, Remote ,mailto:bowen@fractaldigital.sg?body=%0A%0A%0A%0A%0A%0A%0A%0A%0A%0A%0A%0A%0A%0A%0A%0A%0A%0A%0A%0A%0A%0A%20-%20The%20We%20Work%20Remotely%20Team%20%0A%20weworkremotely.com&subject=New%20Applicant%20from%20WWR%20for%20Link%20Building%20Executive%20%28%241%2C000%20-%20%241%2C500%20Salary%29
" Remote Link Building Executive ($1,000 - $1,500 Salary) ","My name is Bowen, and I'm the owner of an SEO consultancy firm Fractal Digital. I'm to looking hire an ambitious and talented link building executive to take over link building responsibility from me. You will oversee, manage and ensure monthly link targets are achieved.ResponsibilitiesAnalyze our client's industry & key competitorsDetermine viable link building strategies for our client campaignsAbility to build strong prospect lists for outreach campaigns, filtering out weak opportunities and making sense of 'why' prospects would be interested in hearing your pitchCraft outstanding email pitches that grab people's attention, and entice them to link to our client's websiteRespond to outreach emails, and develop relationships via emailCommunicate with other members of our team, and collaborate on ideasDelegate tasks to other staff membersEvaluate link vendors performance (yes, we engage vendors as well)Meet link deadlines each month for client projects that you're responsible forRequirement1-3 years experience with SEO and link buildingStrong awareness of key link building strategies and how to execute campaignsExperience using tools such as Ahrefs, Pitchbox, Buzzstream or similar.Great radar for what constitutes a good backlink and a good quality websiteOutstanding communication skillsExceptional English skills, with strong vocabulary preferredKey InformationFull-time, remote working positionSalary of $1000- $1500 per month and is commensurate with experience and enthusiasm.This position is open to applicants WorldwideIncludes 24 day holidays per year fully paid7 hour working day - 35 hours per week with flexible hours[Must be able to work at least 3 Hours in Singapore Timezone ; we're 6 hours ahead of eastern europe timezone]Salary competitiveWrite “Fractal Building Executive” in the first line of your cover letter and send your resume to the above email. ",Full-Time,FractalDigitalPte.Ltd.,https://we-work-remotely.imgix.net/logos/0075/8877/logo.gif?ixlib=rails-4.0.0&w=50&h=50&dpr=2&fit=fill&auto=compress, Remote ,mailto:bowen@fractaldigital.sg?body=%0A%0A%0A%0A%0A%0A%0A%0A%0A%0A%0A%0A%0A%0A%0A%0A%0A%0A%0A%0A%0A%0A%20-%20The%20We%20Work%20Remotely%20Team%20%0A%20weworkremotely.com&subject=New%20Applicant%20from%20WWR%20for%20Link%20Building%20Executive%20%28%241%2C000%20-%20%241%2C500%20Salary%29
" Remote Link Building Executive ($1,000 - $1,500 Salary) ","My name is Bowen, and I'm the owner of an SEO consultancy firm Fractal Digital. I'm to looking hire an ambitious and talented link building executive to take over link building responsibility from me. You will oversee, manage and ensure monthly link targets are achieved.ResponsibilitiesAnalyze our client's industry & key competitorsDetermine viable link building strategies for our client campaignsAbility to build strong prospect lists for outreach campaigns, filtering out weak opportunities and making sense of 'why' prospects would be interested in hearing your pitchCraft outstanding email pitches that grab people's attention, and entice them to link to our client's websiteRespond to outreach emails, and develop relationships via emailCommunicate with other members of our team, and collaborate on ideasDelegate tasks to other staff membersEvaluate link vendors performance (yes, we engage vendors as well)Meet link deadlines each month for client projects that you're responsible forRequirement1-3 years experience with SEO and link buildingStrong awareness of key link building strategies and how to execute campaignsExperience using tools such as Ahrefs, Pitchbox, Buzzstream or similar.Great radar for what constitutes a good backlink and a good quality websiteOutstanding communication skillsExceptional English skills, with strong vocabulary preferredKey InformationFull-time, remote working positionSalary of $1000- $1500 per month and is commensurate with experience and enthusiasm.This position is open to applicants WorldwideIncludes 24 day holidays per year fully paid7 hour working day - 35 hours per week with flexible hours[Must be able to work at least 3 Hours in Singapore Timezone ; we're 6 hours ahead of eastern europe timezone]Salary competitiveWrite “Fractal Building Executive” in the first line of your cover letter and send your resume to the above email. ",Full-Time,FractalDigitalPte.Ltd.,https://we-work-remotely.imgix.net/logos/0075/8877/logo.gif?ixlib=rails-4.0.0&w=50&h=50&dpr=2&fit=fill&auto=compress, Remote ,mailto:bowen@fractaldigital.sg?body=%0A%0A%0A%0A%0A%0A%0A%0A%0A%0A%0A%0A%0A%0A%0A%0A%0A%0A%0A%0A%0A%0A%20-%20The%20We%20Work%20Remotely%20Team%20%0A%20weworkremotely.com&subject=New%20Applicant%20from%20WWR%20for%20Link%20Building%20Executive%20%28%241%2C000%20-%20%241%2C500%20Salary%29
